Match Number,Current Match Points,Average Points,Old Price,Current Player Price,Percentage Change
1,59,59,25,25.125,0.5
2,4.8,31.9,25.125,22.74828211135612,-9.58481917370947
3,44.6,36.13333333333333,22.74828211135612,23.33303206479056,2.5691835209890275
4,80,47.1,23.33303206479056,24.752482223907457,6.074676914827803
5,63,50.28,24.752482223907457,25.427240399288813,2.71348597195285
6,51.8,50.53333333333333,25.427240399288813,25.613507650612178,0.7292324999633554
7,5.8,44.142857142857146,25.613507650612178,23.11820063321319,-9.71214461156154
8,90,49.875,23.11820063321319,24.688756116194117,6.796040110752447
9,64,51.44444444444444,24.688756116194117,25.343465874846018,2.640868248529981
10,1.8,46.480000000000004,25.343465874846018,22.51450395364718,-11.174846080110636
11,69,48.527272727272724,22.51450395364718,23.43208874489896,4.066248460301937
12,5.8,44.96666666666666,23.43208874489896,21.140890176729748,-9.753885896444833
13,1.8,41.64615384615384,21.140890176729748,18.796005842701724,-11.084033982053178
14,60,42.95714285714285,18.796005842701724,19.525476075488537,3.878295015682686
15,3.8,40.34666666666666,19.525476075488537,17.513812926732818,-10.308150856128927
16,17.8,38.937499999999986,17.513812926732818,16.581085399489364,-5.338375541240751
17,8,37.117647058823515,16.581085399489364,15.168391167259148,-8.536163732260392
18,9.8,35.59999999999999,15.168391167259148,14.00220762218549,-7.694725608482536
19,14.8,34.50526315789472,14.00220762218549,13.207351965908762,-5.702770389937938
20,9.3,33.24499999999998,13.207351965908762,12.199984987910232,-7.648652358408124
21,5.8,31.93809523809522,12.199984987910232,11.101327933433781,-8.978002062292935
22,0,30.486363636363617,11.101327933433781,9.793513598819608,-11.795309283861827
23,79.5,32.617391304347805,9.793513598819608,10.819329612196164,10.481643985311978
24,2.8,31.374999999999982,10.819329612196164,9.696481606517814,-10.380090497478277
25,43.8,31.87199999999998,9.696481606517814,10.05574524563285,3.700736095499343
